" rt estonian pm :  "" i don't want blacks in estonia ; this is a white country "" "" via < well said . """
"true . swpl types weapjize blacks vs bad whites  and fetishize them w / mandingo or queen ( ie beyonc ) fantasies"
"  "" : latest unhinged anti-white rant at #ferguson "" "" ugly black lesbian . #negrogeddon """
" us should have leaders this brave rt :  "" i don't want blacks in estonia ; this is a white country "" "" via """
"#blacklivesmatter and again . black on white crime ! what a surprise ..."
"* threatened .. no jmac .. he black too but don't arrest him"
"can whites have black artists shoved down their throats without losing their own culture and heritage ?"
"he overdosed on black pills when the narrative was hijacked in charlottesville ."
"it's fundamentally different . whites are better off without blacks and jews ; both parasites on white civilization"
"jews want each of those girls to reject white men and use their white wombs to hatch black babies with black men ."
"look at this  some angry black person . you were right they're all violent ."
"nba's millonare anti-black racist jew tells girlfriend  ' in israel  blacks are treated like dogs ' | read more :"
"nothing to see here . we all know black on black and black on white crime is"
"selma plot . let me guess . completely virtuous black folks & the generous yankees & jews fight against the evil southern white man . yay ..."
"the more people google david duke  the more they'll realize he was right about black crime  immigration  and jewish influence over usa ."
"there is no black vs white issue in america there is muslims problem & they infiltrating black groups"
"this is aryan  no orthodox christian ; white & black is none of our business ; only aryans are invited"
"we are subjected to anti-white hate : to blame for black fai"
"you're distraught by the fact the video dispels myths / falsehoods of ' innocent ' black man assaulted by ' evil ' whites ."
"  "" heritage not hate  guys ! the entire csa was black ! "" "" """
" it is equally prejudiced  albeit more empirically baseless  to assume that black people are harmless or  "" just like us "" "" """
" rt jews are shape-shifters they can  "" appear "" "" white black asian christian buddhist muslim etc """
": are you ready to offer your white children to the black hangman ? via"
"black human rights campaigners managed it in the 50s and 60s.no good reason white human rights campaigners can't ."
"black on white crime unveiled : via"
"black thug attacks old white man with urine because of slavery #swrm #blackthug #whiteman via"
"black thug attacks old white man with urine because of slavery via"
"but you just race baited ... by basically saying ha he's a black shooter not a white shooter"
"i reject the moral superiority of a coalition led by white men vs . the will of black  brown ... via"
"jesus u hyper sensitive lib wackos now what print school books showing blacks owned whites ? bring golden calf ahole"
"just noticed that has very few if any black executive vice presidents . could be with better jobs more black fathers would want kids"
"milo boasts about getting railed for 18 hours by his black boyfriend . he bathes in blood . that's terrible optics in the south"
"nah . us is a black and jewish nation . white people are just guests ."
"new black panther negroes have started mobilization to burn white communities via"
"no commies . just americans . free & protecting democracy . what happens to black people if the fascists win ?"
"oprah knows what to do: kill white people ! ! ! #altrightrecent black on white and black on asian murders with oprah !"
"rt : black on white murders grow more sadistic in south africa ( video ) via"
"sorry but black people with funny names murder each other in birmingham  new orleans  and detroit ."
"this is disgraceful makes me sick that it white on black crime that's mostly reported ! black on white happens more t repoted"
"white men are shot by cops three times more often than black men are . the media however  does not sensationalize the event when whitey inv ."
"white people are 60 % of the pop  this can only show blacks do more crime per %"
"youre a black nationalist they just add white to it to make it sound like white supremacy ."
": chicago is fast approaching 600 homicides for the year and most are black on black . suggestions from me ; leave the demokk"
"alright who tf let the black kid sit at the front of the bus"
"and stats show he'll likely shoot a black man  so all you white hostages can just leave ."
"black  hispanic  gay  trans  asian  not a white student union  it's why conservatism is useless  they watched as the left destroyed whiteness"
"black on white crime vs white on black crime ! #rt #stopislam #makedclisten #wakeupamerica"
"blacks are just as prejudiced as whites then . blacks don't want to live in black neighborhoods either ."
"im new to white pride but eh black's are taking over washington state slowly every man need's a black slave i believe"
"jew-run gq now tells white men to have black men hump their wives ."
"nope blacks are the white races misfortune . blacks and shills that hate white labor like you ."
"they know exactly what they're doing when they target and exploit the emotional nature of black people ."
"wave of black mobs brutalizing whites rt #tcot #tlot #teaparty #ocra"
"well they average 100 iq . care to know what blacks average ? ?"
"why are white enclaves so damaging to blacks ? because they foul and destroy their own neighborhoods ."
"you can't hide your lying eyes : conservatism inc's refusal to admit detroit is 92 percent black : its ... #tcot #p2"
" actually neither one of those is true . here are some more  "" black invention myths "" "" - #fact #logic """
" rt racial separation would mean the end of  "" white supremacy  "" "" "" "" white privilege  "" "" and white police shooting blacks . """
": new black panther negroes have started mobilization to burn white communities"
": new black panther negroes started mobilization to burn white communities"
"a reminder of what black people think about you  white man"
"all american poor communities black white asian hispanic mexican . i just don't see controversy"
"anonymous tweeting is new white hood rt : blacks absolutely should go back to africa ."
"as always  a complete bias against white people . no hate charges for black power . white lives do not matter ."
"barbados  the birthplace of new world slave societies  is the most successful black country ."
"bernie will lose to hillary in the south because of black identity politics"
"black nationalism  asian nationalism  white nationalism ."
"has a decade of black on white  elderly  asian  disabled  lgbt  homeless  veterans  etc ."
"if he were white  the media would be demanding every white person in americapay the first black person they see 100 dollars"
"maybe you should build your thriving black communities far away where white people can't get to them"
"the biggest hoax out there tho is the one of the white race existing and accomplishing all these things you neanderthals stole from blacks"
"where do black people perform at the white or asian level ? anywhere ?"
"white and black is none of our business ; only aryans are invited"
"white on black rape is nonexistent ."
"yes  that's true  there are jews that hate blacks & beaners but ultimately their loyalty is with jews not whites"
"you whites will never have a claim in africa . we blacks can not share our continent with you people"
"  "" : a majority of latinas and black girls  i cannot stand "" "" """
" all white heritage is hate ? what about all the bad things blacks and asians have done ? or do you have a double standard cuz '  "" oppression . "" "" """
" black supremacist screaming  "" i hate white people "" "" attacked whites in new york metro station ( video ) """
" of all the  "" threats "" "" against jewish centers  was a single one connected to a white person ? i only recall jews & blacks """
" rt :  "" black lives matter & antifa can show up with mace  acid & baseball bats "" "" .. while your far right romp u """
"#kasich won't lift a finger to protect whites from blacks or even warn them . some of them need warning ."
": black man openly fantasizes about slaughtering white girls during race war ( video )"
": there it is in black and white . are muslims blind that they cannot see this ?"
"a black guy paints the symbol of white supremacy if he was white ? ? ( jail )"
"a black state is a good idea . get them out of here . white states are good ideas  too ."
"and my neighborhood is diverse.white  black  italian  asian etc . we all agree . stfu commie hippies ! ! !"
"and we see how well desegregation helped white people ... now they are statistically more likely to victimized by a black ..."
"black lives matter philly bans whites from upcoming meaning . since rachel dolezal claims to black i guess she would still be invited"
"black people aren't our enemies either . they're being exploited just as much by the jews ."
"breaking : 17 black thugs arrested for burning white girl alive ... the msm is silent via"
"do you disavow all of these ? btw there's tons for every other race too besides blacks . if you don't disavow all of these you're anti-white"
"i dont think so .. more blacks than whites by tons . easier for everyone they relocate  less blood"
"i love and understand black people but i wont global white ethno-state ."
"idiotic jews and white liberals through the muslims and blacks wouldn't turn on them #timeiscoming"
"if a white is near the scene of a black stealing  whitey pays for it . bill must be paid or jail !"
"infiltrator black politician wants anti-white ethnic cleansing in estonia via"
"oh white liberals call me a white supremacist simply because i support trump and conservatism . the black democrats are upset because you"
"race baiting isn't a thing . and you're standing with a trump a known white supremacist . you're complicit in the oppression of black ppl"
"throw political correctness outthe window.if your a illegal alien  black punk  white trash  orradical that's you !"
"um  black people don't elect to needlessly pursue risky behavior that can result in death ?"
"what about all the blacks that kill other blacks on a daily basis ? shouldn't you be outraged over that ?"
"whites are safe from black violence when segregation is the rule of law . si"
" : estonian politician :  "" i don't want blacks in estonia ; this is a white country "" "" """
" will  quick question : if a black guy decapitates a white guy bc the color of his race will your headline say a )  "" reparations "" "" or b ) "" "" we need to do more to listen the oppressed communities "" "" ? """
". hung black men are a symbol of white supremacy too  can we get rid of them as well ?"
"4396 white murderers  5375 black murderers . all the while blacks are 13 % of the country's population ."
"ah can't have criticism of black people at any price ?"
"altrighters are already moving there . without legislation to force integration  all white / black areas are inevitable ."
"and on the same day a bunch of over paid black athletes protest whitey's oppression . white guilt is rea"
"because they hate us ? because they can't have one ? because black is beautiful  tan is grand  but white is the color of the big boss man ?"
"black atheist republican - explains why he now believes the white race is intellectually superior ."
"black people are the real domestic terrorists in chicago  philly  atlanta  new york city  etc ."
"black thug attacks old white man with urine because of slavery #swrm #blackthug via"
"black vs white crime  larry elder"
"blacks  rainbow confederates  and the heritage : dixie connie chastain writes : interesting thing there are ..."
"blacks are 49 times more likely to assault a white than a white is to assault a black . whites need to separate to protect their families"
"blacks have the best party time in white countries - welfare fattened  selling their culture  impregnating white women !"
"even when the criminals are white their black"
"i asked a simple question . black conservative church going families do not hate whites or they are attending the wrong church . you just spew division and hate ! feel sorry for you ! clueless !"
"i don't like how everyone started sounding like blm over that shooting recently . i don't care if people have an issue with the cops  but projecting that into a situation that would have been open and shut if it were a black  has just been painful to watch . just my hot take ."
"i more and more think is right . black and white can't live together . we should just find some way peacefully to separate ."
"it's okay they can call him a black white supremacist . so it does get blamed on white people !"
"jobs black people hate :"
"murdering thugs were black he is white so no news or hate crime here . such godless hypocrisy !"
"obama white southerners don't hate you because you're black they despise you because you are anti american"
"over 50 % of black people pay nothing in federal income taxes . the rest pay almost nothing in income taxes ."
"people should move to more diverse continents like africa ( 98 % black ) . they are so much better with human rights !"
"slavery made barbados the most successful black country . colonialism made south africa the most successful in africa"
"then what do you want ? i want to be able to live on the south side ... but black crime dissuades that . #chicago"
"time to start a serious discussion on disarming black people and reviving insane asylums ."
"you black & you ugly"
"you live in kirkland  wa . a white suburb of a white city in a white state . your own parishioners would never live there were it 75 % black  rather than 1.8 % . you decry segregation while living in a town priced so high that you're protected from ever worrying about black neighbors ."
"you sound absolutely stupid and you can always get some white ppl to follow a black man who hates other black ppl ... #devilsobusy"
"youre a very ignorant black person . i guess youll be happy when trump personally call you an n word"
"  "" the black / white experiment has failed "" "" #race #politics """
" estonian pm :  "" i don't want blacks in estonia ; this is a white country "" "" via """
" no  a group of 20  "" white lives matter "" "" violent bigots found a black man with a white woman and attacked them . """
"' acting white ' remains a barrier for black education"
"and they don't restrict the raping to their own women  no no . they rape thousands of white girls every year . white men rape < 10 black women ."
"are u denying the average black iq around the planet is 85 ? btw are u black ?"
"black people fracture the skull of a white guy .. via"
"doesn't having white friends usually clear blacks of hate crime charges ?"
"fact : 90 % of all interracial crime in usa is black on white | read more : via"
"former black ou football player pimps his former white ou cheerleader girlfriend for $ 200 via"
"have you ever seen a race with no competitors ? black / white are invalid colours of stigmas & power ."
"i hate black people"
"should keep its black market away from our white house"
"that guy wt black beard is lying on national tv"
"the fact that is already sucking up to violent sjws and black lives matter supporters shows why skeptics were right about #cruzcrew"
"the genocide in south africa where whites are being brutally massacred by blacks is race war . the blacks there are power hungry ..."
"the white race we must talk for its beginning about 4 millions and 900000 years ago as the first race . so the red and then the black"
"this may be a horrible thing to say but are black lives matter #blm the new klu klux klan ? they both racially hate & despise others"
"white  the new black"
"white men not allowed unemployment in ohio  funneled to black mafia members . women have no basic human rights ."
"white supremacy a myth black privilege is real ! via"
"wow  you faggots sure black-pill easily ."
"yep deb black dumbocrats are loyal to the party of baby butchers . sad"
" so basically your ok with no firing blacks and affirmative action but firing whites because  "" muh free market "" "" . ok . """
"#nohateappstate - ( ( ( who ) ) ) told him white people are evil ? - black guy talks about racism"
"' gentrification ' or ' white flight ' : whites can't win via blacks working to maintain their lands and culture ? fine . white people working to maintain their lands and culture ? ... well  you know how this goes ."
": race war in manhattan : black power militants storm restaurants and harass white patrons"
"all nationalists - white  black  asian  or latin - are against globalization & foreign interference . they will fight jews ."
"atlanta's traffic problems are due to white people escaping blacks ( crime )"
"being white in philly : pennsylvania h / t sbpdl the black mayor of philadelphia is trying to the human rights c ..."
"black man openly fantasizes about slaughtering white girls during race war ( video ) via"
"blacks  13 % of us population  commit 59 % of murders . #baltimore #ferguson #freddiegray #baltimoreuprising"
"channel everyone - white  black  asian  latin - against jews - through nationalist winds in each country - regardless of race ."
"god grant that in all the land  there were more white people than black and colored ."
"new info graphic : most police are white  most criminals are black  = many blacks shot by white officers #dothemath"
"repubs hating muslims blacks hispanics immigrants women govt libs ... who's left for angry white bigots to hate ?"
"so it targets faggots and blacks  looks like god is trying to help out the white race ."
"that's the way texans are . we try to treat everyone with respect  i see so much anxiety in white  black n white now . it's all this media hate that is to blame . we will defend whoever gets attacked regardless who they are ."
"the true comparison is what is the ratio of white on black vs black on white crime & violence ."
"unfortunately explicit white segregation is literally illegal under us law . black and brown people can segregate explicitly  but we cant ."
"would world where blacks were genetically dumber than whites look any different from our world ?"
"yeah blacks run fast but they're stupid  prone to violence  and ugly . only a white moron would mix with one ."
"you're missing the point . 1 black attacking 1 of my white people is 1 too many ."
" awesome . estonian politician :  "" i don't want blacks in estonia ; this is a white country "" "" """
" rt does  "" generation identity "" "" really want the "" "" remigration "" "" of black americans ? if yes  where to ?    """
" rt white guilt is coming into play with white players wanting to look  "" woke "" "" and black players supporting him just because he's black ! """
"be glad for it ! white people are getting an eyeful of black arrogance and are realizing we are right !"
"black lives matters is run by lesbians !"
"can i join if i'm black but on the inside white ?"
"democrats already have the black vote . dems nurder your unborn children . sell their body parts  take donations fron drug companues to keep your youth hooked on drugs .. they accept contributions from private prison systems to house the 70 % black population . its dems winning formula"
"every time i see these people all i think of are th white version of black isrealites ."
"everyone prefers their own race and culture . churches are mostly white  black  korean etc . blacks now want black only dorms etc ."
"has become a school committed to black empowerment and white disenfranchisement ."
"here is advocating black genocide . and there is no white genocide . yo"
"if black dysfunction is an indicator of institutionalized white supremacy  it appears cities get more white supremacist as they get blacker ."
"im black and all white people have inferior everything to me"
"it allows white people to be free of black crime !"
"it's 100 % correct that whites and blacks shouldnot date  we are a minority compare"
"maybe you should go to black lives matter and whine about your white guilt"
"ohio law  whitey pays for blacks crimes or jail . white girls arrested so corrections officers have something to play with ."
"rt the active shooter in charleston sc is a crazy black man not a white supremacist . i know you democrat race baiters ( cont"
"the 1st slave owner in fl was a black man  owning white & black slaves . muslims enslave all races today . slavery is not about race !"
"they do and you can check them the white on white crime is less than half the total % of black on black"
"time for your babies to die now : black woman caught abusing white infant via"
"white killers live . black people don't . why is that difficult for you to get ?"
"#gayagenda will destabilize both white & black communities.societal collapse is in inevitable b"
"3 . i can see that time and time again whites have innovated  invented and brought real progress  blacks have not . do you deny this ?"
": black activists call for lynching and hanging of white people and cops"
": black lives matter demands that white families give up their homes to coloreds via"
": black slavery only matters when it can be blamed on white southerners . or when it can make white sj"
"another illegal mexican jew black lover"
"another white man shot by blacks over confederate flag on his car via"
"black activists call for lynching and hanging of white people and cops via"
"black angelic behaviour vs white devils . #keithlamontscott"
"black lives matter calls for white deaths so they are another hate group ."
"black man pleads guilty to murdering white samaritan  shot him to death .. #tcot #blackviolence"
"black rasists don't exsist ! white = rasist . black = plague ."
"blacks are 1/6 white population . shoot someone at random 5/6 chance they are white ."
"fact : 90 % of all interracial crime in usa is black on white #swrm #blackonwhite via"
"funny how you never hear about white men raping women in black neighborhoods . i know 2 white women who '"
"heroic 13 year old white girl stops brutal black robber-killer in south africa ! read more : via"
"i really hate neocons like  but not black people . it is not your fault that you are black ."
"if you ask me white kids should stay away from most black kids .. black youth are extremly hostile and negative in america these days .. sad but true"
"it looks better than the domestic terrorist group .. antifa all black and hiding ugly  repulsive faces ."
"not all government is bad . it is just a gross waste of taxpayer dollars to subsidize black people"
"only black thugs who rob stores and fight white cops and die lives matter ."
"repeal all gun and drug laws . problem mainly solved . most black people  unfortunately  support the wars on both"
"they are all heros to the black community . make no mistake a whole lot of black people hate white people ! !"
"this is so ridiculous .. over 100 years ago ! ! blacks sold one another to whites  it was wro"
"what is #romney going to do for white americans ? not for blacks  jews  israel  latinos  asians  queers  etc . #gop"
"white genocide in south africa : black witchdoctor found cooking white afrikaner via"
"you guys must have pretty miserable penises to hate blacks that much ."
" and his black minions are still answering to da  "" white man "" "" talcum x ! """
"#fearthewalkingdead caption : look at all the black people die !"
". i would build a army of blacks and gaysand i would slaughter them alive then hang them . or for fun burn them . #aprilfoolsday"
"10 % weren't . also  crime is dropping in nyc b / c black and brown people know the cops are watching them ."
"90 % of all interracial crime is black on white . white people have paid a terrible price for trying to live with blacks ."
": stuff black people don't like - sbpdl : newark in 2012 : the predictable result of freedom . # t ..."
"and goes on to blame black and asian overrepresentation on white privilege . white people can't win !"
"be realistic the emigrants take a jobs than neither white or black americans like to do ."
"biological difference between white civilization & black civilization . race is bone-deep . dna manifests differently ."
"black hood is the new white hood . no difference . neither can handle speech you dont agree with . i cant wait to see one of your little cowards . bam ! in the face ."
"black on white crime . specifically targeted because they're white :"
"black student unions unmolested  but white ones banned all over . is there a conspiracy to suppress white identity ?"
"blacks are denied access to credit for the simple reason that they are less responsible with money"
"fact : 90 % of all interracial crime in usa is black on white #swrm via"
"feminist only go after white males.they are not intelligent enough to comprehend black vio"
"i'm sorry but perhaps ur misunderstanding me . while black people as a % r far & away the biggest users of govt assistance  i'm certainly not"
"it is observation and experience . black people lack the capacity to sustain a modern white civilization ."
"nah not really i once let a black kid beat me in cod just so he'd feel better about himself"
"new black panther party got suspended for posting about jews . dont worry  anti-white hate and threats of violence is still allowed on the platform ."
"nice frankfurt school esque deconstruction and pathologization of white identity . looking forward to the same for blacks and jews . u won't ."
"nick searcy is not a man . he is a cuck raising some black man's spawn ."
"no  no  no  it was clearly a white  heterosexual  cisgendered white man staring the fire  he just blamed the nearest black man ."
"the black idea of harmony is committing 100 % of homicide in atlanta . #black undertow"
"u can smack my mom kid shes black"
"we could save the lives of police officers and cut law enforcement costs by disarming black people . #nra #tcot"
"what percentage of blacks have white friends ? could it be that it's natural to prefer your own race ?"
"white on white crime is no where near the rate black on black is . we have a platform for ppl to be protected from cops already #fuckblm"
"  "" no  black conservatives would never cared about race ! "" "" said every white cuckservatives """
" rt : #greggpopovich says white people should be more  "" uncomfortable "" "" and admit their white privilege . as a black man i call hi """
" rt blacks and browns looking out for their best interest ? wonderful ! whites do the same ?  "" cause for concern "" "" . """
".. white babies gets their heads bashed in by savage blacks in south africa  white woman raped and white farmers executed ..."
": is burning whites the new knock out game for blacks ?"
"a white woman leading a bunch of violent black men ... no wonder white women want diversity . kinda like when lenin wanted the tsar dead ."
"black lives matter has helped trump more that they have helped solve any problems in their communities  congrats  you played yourself ;)"
"black man ( who hates all white people ) murders white man for getting in his way on sidewalk ."
"i think it was partly because many black males hate women  particularly white women and couldn't get themselves to vote for hrc ."
"so  you're a black maga bro who is less concerned w / actual white supremac"
"thats 5 white boys . thank you  but im black"
"the problem in the inner cities is not white silence but black violence . take responsibility for your actions and stop the race baiting now !"
"their lies to blacks are going to backfire . observing a rebellion in the black community against"
"too many blacks in the south to leave . gotta cut it in half . you still can keep half . you're gonna lose them anyway . might as well make deal"
"what have black people contributed to science ?"
"without white people to support blacks  blacks would go extinct in 6 months . they are too d"
"you should see sm . towns in arkansas ; majority were white 70 %  blacks 25 %  other 5 % . now . white 45 %  black 20 % & mexican ( maj . illegals ) 35 % !"
"  "" hes a very good boy "" "" mt : seriously  wtf ? : gawker : let black people steal your iphone """
" otherwise you hear these same black people . that are ment to represent you ... say you are an  "" uncle tom "" ""  race traitor and you know what els """
" yes  black women do tend to  "" choose life "" "" more than white women . black women are not your "" "" worse enemy . "" "" """
"#antiwhite definition of bigot : someone who objects 2 a black burning a white child 2death  the black being just a victim of white racism"
"disingenuous white liberals face black crimedilemma"
"do black people work in fields in central alabama ?"
"ferguson happened b / c a black criminal tried to kill a white cop . stop pandering to black thugs . seriously . #gotrump"
"good york #jews dismiss black on white #rape"
"if he really wants 2 b a chic its just as gross as white women dating blacks . we should preserve the white race ."
"just remember this : me ( biracial ): wow he beat everyone in class ? weird.black : he must of cheated.white : it's expected  he's white ."
"low class  fat white chicks and black men  perfect together ! | chateau heartiste"
"my dad is white  and he is constatly being attacked by blacks and hispanics  just for being white ! we need to put an end to #whitegenocide"
"no ... that makes you stupid whether ur black or white ... oh ... did i also mention ignorant"
"see  when a white cop shoots a black man it's all.about race . now a muslim cop shoots a white woman and it's not allowed to be about islam"
"stupid white liberals at a demonstration  apologising for slavery of blacks ... words fail me ..."
"the idea is partition of us along racial and ideological lines . communist state  white ethnostate  black ethnostate  social democrat state"
"why is that a stupid conclusion ? also  i agree that black and white people shouldn't date ."
"  "" : shame on blacks : more negroes are in prison than were slaves in 1850 via "" "" """
" if  "" black lives matter "" ""  why didn't that innocent 9 yr old's life matter when killed by a thug ? because black lies matter . """
" new video :  "" madness at #mizzou : black hysteria and white cowardice "" "" #tcot #altright """
" so ... black is the new  "" white "" ""  mr . lansing ? loony left . """
"63-67 % of the public is white . which means 33-37 % is non-white ( 13 % black ) and yet only 32 % support blm"
": and on the same day a bunch of over paid black athletes protest whitey's oppression . white guilt is really paying"
": black on white murders grow more sadistic in south africa ( video )"
": worse  metro atlanta from clayton to rockdale and increasingly cobb and dekalb are black hellholes ."
"adolf hitler is live again red black and white"
"another dead white girl at the hands of a black . they're ver going to learn ."
"black on white murders grow more sadistic in south africa ( video ) via #onthehill"
"blacks and jews hate the white race . we need to have our own nation and get away from them ."
"dems have also invented a vast black / white right wing nationalist uncle tom conspiracy  a 1000 legged centipede monster"
"isn't black and being a cop hater and fkkn race hustler that he is  will only promote cop on black or white on black grievances ."
"look at all them stupid white people i guess they think there black"
"majority of the black people die because of abortion and more white people die in the hands of cops than blacks wake up all lives matter"
"more black white supremacists ."
"nationalists  anywhere are anti-globalists.be these white  black  asian or latin  these are your allies in their own countries"
"number 5 addition : unless they're black  then call them a twitter bot or say they hate themselves ."
"secondly  i think black lives matter and should be classified the same as the kkk and neo-nazi and so on ."
"since i'm half white can i still join ? ? i may appear black but i'm white in my heart #whitelivesmatter #whitepride"
"that they would adopt a black then have white kids"
"the media only cares when thugs who happen to be black get hurt.innocent whites having their skulls c"
"u are actually anti-white & a race traitor . what a coward  too scared to stand for his own . no black or asian would think like u ."
"we know that libtards hate black people  what if this fallen officer had been white  would he still skip ?"
"what are the black lives matter rallies supposed to do to white people that support law & order ?"
"what's worse : a white animal abuser or a black jew ?"
"white supremacist don't like jews are black ppl . trumps family is jewish . trump helps african american"
"yes ~ blacks & hispanics but the asians need police to protect them from those 2 racial / ethnic groups"
"you want black nationalism . there's no diff between the two except that if a white person says they want to focus on white it's racist . but a black person says that it's all good . so riddle me that ? id say both are retarded ."
"another white officer killed by a black thug . obama and his race baiters must be smiling from ear to ear ."
"as my wife is black  i can say black folk are some of most racist people i know  especially older black women ( they hate me )"
"blacks murder and rape whites around the clock  & hold whites as a whole accountable for slavery . but all blacks are innocent . ok"
"europeans aren't allowed to have an identity . if you ask nicely and apologize and give your money to black people you may be an ally ."
"funny  even ironic pic since she would have recommended bo's momma have an abortion . pregs to a drunken black man ..."
"funny how tolerating black crime is key to keep black politicians in power ; safe streets would bring whites back  and they'd want good govt ."
"i'm concerned about white cops being targeted by racist black thugs not with what color annie is or if a black man can play james bond !"
"interracism is a form of race war . it is black males waging sexual war of conquest and colonizing white wombs to make ' brown babies ' ."
"no  it was just blacks . white liberal cities like seattle  boulder  portland  and state of vermont are fine ."
"no  white women are on average closer to white men in intelligence than black men or women ."
"so .. how do all those little black people like those mighty white antifa warriors defending thier existence . it must be refreshing to themlol"
"the black football player that punched a white girl in the face  gets to stay at school and continue playing . white privilege ?"
"we either have laws or we don't . your here legally or not . it's black and white . illegals are illegal ."
"well i'm a black jew  that's different . israel belongs to us  not the khazars"
"when a white person tells the truth that black people are the cause of there own pro"
"yes  we are the ruling race ; white and black is none of our business ; only aryans are invited"
"  "" mixed race "" "" couple = black man taking advantage of overweight white woman for her paycheck """
": ... also  organized jewry and anti-white blacks a"
": whites are not supremacist and whites who are against white nationalism should move to a black"
"a rich black guy and a rich jew team up to try and stir up attacks against white americans ."
"and i'd completely disagree  black on white crime is nx that of white on black . being from atl i've experience the worst"
"asian countries for asians . black countries for blacks but white countries for everybody ? ' anti racist ' is a codeword for anti white ."
"black run america : white girl suffers seizure after black girl assault in mcdonalds"
"black supremacy is an oxymoron  or a transition state until white money runs out"
"expulsion of white farmers has destroyed zimbabwe  afrocentric marxism has been a catastrophe for the black race :"
"ignorant things ? blacks rioting and destroying commerce and civilization . it's why whites abandoned st . louis years ago"
"it appears if you're an officer of the law you should just let people  especially young black men  shoot at you . cuz #racism #shawshooting"
"it the blacks that keep us down as a people i see it"
"no  because they are simply doing their jobs ; black thugs attaching white chicks & other helpless people is despicable - total savages"
"not idiots ; white and black is none of our business ; only aryans are invited"
"obama praises black lives matter activists . i guess he forgot that whole pigs in a blanket fry em like bacon chant"
"race war brewing : dallas shooter confirmed member of new black panther party | read more : via"
"ritual muti killings is a way of life in rural areas of black south africa via"
"so the new black panther party isn't racist ? they are protecting blacks ? then where's the protecting whites ?"
"the poorest black countries are the ones where white supremacy and colonialism left the smallest imprint ."
"we n3ed to get black out of barnet"
"yes they teach it  white shame our kids . and turn black children into victims  who hate white ppl . starts young . must change ."
"  "" diverse "" "" britain : black gangs to be rewarded with free barbecues and sports events | more : """
" but you attack  "" black nationalism "" "" when are you going after those white nationalist folks ? any tweets of you debating them ? """
" name one of these thriving black communities that black people  "" built . "" "" """
" video : south african blacks attempt to kidnap white toddlers for ritual  "" muti "" "" murders via """
"article 4 sec 4 of our constitution . black & white . we are being invaded ."
"black celebrities who belong to 5 % er anti-white race war cult va"
"black mob pounces on young white couple"
"black people only seem to thrive in white countries . how strange ."
"blacks are shot by police in proportion to the number of stops . whites are murdered by blacks dispropor"
"even the scull structure are diverent  the white race has got a crown in the middle of our hairline  the blacks don't .."
"from what i'm reading here in the us  it's racial hate from blacks on white  and especially the farmer ."
"hey black lies matter how does it feel knowing the white man you hate so much is still leading and lying to you ?"
"i want to save lives  cut costs  and save our major cities . and disarming black people is the most effective solution #nra"
"nonsense . slaves  unlike poor whites  had access to healthcare and a better diet than even modern blacks ."
"previous article hid his black race - but i knew it was a black male killing a young white woman"
"sadly this is what the older jewish sect wants . a black on white race war"
"shaun is black . why are you obsessed with his race ? you like white boys ? skinny lil white boys ?"
"the genetic basis of intelligence is unrivaled by science and proves that low black iq is hereditary #thingsthatpanicprogressives"
"there are more black abortions alone than white abortions . abortion generally affects the most dysgenic groups ."
"why white people seek black privilege - breitbart"
"#icantlivewithout my #ebt #black people"
"& both intelligent black patriots . dems new chains they want to put on minorities go by the names blm & antifa ."
"angry at this . white boy shoots up an all black church in the south ; hate crime.black man shoots up an all white church in the south ;"
"black face uncle tom this your thanks to the slaves who died for you you always be igger smiling in white mans face"
"black students at harvard openly calls for extermination of the white race ( video ) | read more : via"
"black thug attacks old white man with urine because of slavery #swrm via"
"blacks begrudge white people"
"btw most that go as jews nowaday are azerbeidjani ( kazar ) .. white looking but black hair .. ie the many killercops"
"he gives priority to syrian rapugees rather the unemployed  he favors race wars black vs white"
"i am not a white supremacist . i am a race realist . no race is superior  we are different . blacks are physically superior  asians mentally ."
"i dont know why you feel the need to call us neo-nazis for openly defending our people . black lives matter must be neo-nazis as well just like the mexican government that has it written in their constitution that demographics must be protected ."
"im a proud black man that worships europe  white people and white women ..."
"no  their hatred of white people . we saw this when blacks burned white books / art in south africa ."
"people cannot be what god has not made them to be . blacks ' aggressions are survival tactics intended for living in africa ."
"race war in nyc : black power militants storm restaurants and harass white patrons via #waronwhites"
"snacks for thought : why don't middle class black people vacation in trailer parks ?"
"the black guy is trying to tell the other guy what his iq is . #drainthesewer"
"translation : blacks need welfare from whites ."
"white whores and black pimps isn't news ."
" brilliant comments sandra !  "" : black on white murders grow more sadistic in sa ( video ) via "" "" """
" go and find your  "" black "" "" knight in shining armour ! #whenamericawasgreat #whitelivesmatter """
": nothing to see here . we all know black on black and black on white crime is acceptab"
"after fifty years of integrated schools  blacks can't compete at the white or asian level in a single school district !"
"atlanta hawks poor attendance is blamed on black crowds making southern whites uncomfortable :"
"black celebrities who belong to 5 % er anti-white race war cult #swrm #black #racists via"
"black on white violence ? emagen my shaaawk"
"black people in #ferguson acted exactly like we expected them to"
"deplorables don't need white supremacists trying to give us a bad name . you are worthless just like antifa and black lives matter . go away !"
"elderly [ white ] us man punches [ black thug ] protester at trump rally via . the tide has turned ."
"gatlinburg wildfire : jews and blacks celebrate poor white people dying  arson suspected daily stormer"
"haha . i went to college less than 20 miles from tuskegee . the blacks there ate incapable of sustaining a walmart"
"nordic is only aryan types ; white and black is none of our business ; only aryans are invited"
"rape  beatings  murders aren't just for black men and women by white men . they beat white women too . and  white women hate you"
"seriously ? see baltimore  dc  detroit  chicago  st . louis  nola  every black nation in africa after european or indian withdrawal ."
"the truth is that blacks are a criminal plague from detroit to atlanta to chicago to london to toronto"
"what's #romney going to do for white americans ? not for blacks  jews  israel  queers  latinos  asians  but  for white americans !"
"why do liberals ignore the black elephant in the room ? the ability of black people to own firearms and gun violence in inner cities #nra"
"why would any white person want to be around a fat black guy ? the smell alone  would be overbearing ."
"yet black people continue to fail at every level of the education system . no solution for low iq !"
"you think you're smart you filthy jew ? only the evolved developed ones became white blacks = inferior"
" #zimmerman will be convicted . another sacrificial lamb to  "" what will black people think "" "" """
" sez  "" we don't have a jew problem or black problem . we have white problem "" "" no . "" "" we "" "" don """
" to be fair ( i support  "" european "" "" ethnic survival )  there is the same thing among some "" "" whites "" "" to blacks . """
". i say good for them  they want black roommates  we want white roommates  hail nationalism ."
": another white man shot by blacks over confederate flag on his car"
"black crime : theres a reason we mostly hear about white microaggressions via"
"blacks behave well in black countries because they have laws made to control black people . ie  stronger laws !"
"cuckservative wants white heroes removed from $ $ $ & replaced by ugly dindus . he also wants armed blacks to shoot whites ."
"i hate black and muslim race . i belong to aryan race  how may i help your movement ? please give me tasks"
"i have lived this a know what is in-store for all whites . i've seen our woman raped and brothers beat with 2x4s . blacks and browns hate us ."
"infiltrator black politician wants anti-white ethnic cleansing in estonia | read more :"
"lol . the white race will soon be extinct like in the beginning of humanity when the human race was black"
"oh  that's right : black summer 2014 is about to kick off with memorial day . yoof violence will be broadcast on worldstarhiphop"
"race relations in us is managed by a thin veneer of civility and doesn't take much to expose truth . blacks hate your white guts"
"shooter in charleston sc is a crazy black man not a white supremacist . i know you democrat race baiters are so disappointed !"
"so you like black guys and your white"
"some in the black lives matter movement have shown extreme hatred for whites and have pitched for separate states for blacks ."
"supremacists of any tilt are stupid  black  white or whatever . and yes black supremacists exist  i just have to watch hidden colours to see ."
"the laws which exist today discriminate in favor of blacks and against whites ."
"then blm will be black with a sprinkling of jews and retarded white people  mostly queers and transgender freaks !"
"you know why . jews run the media and promote ' white guilt ' to paralyze white power . idea of bad black guy undermines the narrative ."
"you lowlife white trash mofos attack the black church because you know they're docile . can't drag y'all near a black muslim mosque !"
" rt : libtards hate this one :  "" what happens to white women who date black men "" "" """
" you are ok with amalgamation of african people into  "" black "" ""  all we're doing is the same thing to become "" "" white "" "" """
"bcuz white ppl exist which makes black kids murder each other over sneakers and street cred ... curse u white supremacy ."
"blacks in us literally take more then they give back  your people are taking white tax dollars & complaining that it's still not enough"
"compare what happened to jew_goldstein to the violence we routinely see from black lives matter and antifa"
"don't be silly . if i wanted black people to die  i wouldn't support disarming them . stop the violence #nra"
"he wasn't black  he was ( ( ( a fellow white person ) ) )"
"i would put forward that he is more of a white black . like white hispanic . cuz ... messaging . ;)"
"it is very sad either way-but the race baiters have successfully convinced both black and white people that repubs are bad guys for too long"
"look they call it racism is you are white  but pride if you are black or a jew ."
"nationwide trend of black on white mob attacks"
"elder, are you allowed to say crazy black man?"
"neanderthals were way ahead of negroes. whites carry many neanderthal genes. blacks, none."
"you were absolutely sick and disgusting black man"
"they are worse than slaves & black americans flocking to islam."
"brain damage!! blacks never created anything but human shit"
"no, i have seen the genetic studies, and i know the history. blacks in plantations belts have lower admixture."
"with blacks on the bottom of the social ladder you cannot put faith in those designed to maintain you there"
"black lives are worthless. even atheists know pastors are more important than the average black."
"i can't. i'm trapped in black owned ohio!"
"black people try to escape the black undertow by moving to our cities and neighborhoods."
"i won't even call it black power. it's black stink!"
"find me a study any time anywhere where blacks outperform any other race on intelligence tests."
"they're going to need quite a baby boom to even catch up to the black population."
"ok keep believing that. funny how most poc that have made something of their lives normal ones don't play that garbage. don't be a criminal and work hard and you can have a good life. a life like any other race. but blacks have been taught to blame others for their failures."
"the black dude looks cool, nonchalant and shit; overweight white dad dude not so much"
"what does that even mean? it's the oldest black republic in the world? blacks created modern haiti"
"sub-saharan africans, the majority of american black lineage, are subhuman. the genetic data is clear. no matter what the cucks wish."
"yes. exceptions. but notice they all moved to the west. still black africa remains backward compared to the west with or without them."
"white power black parasite. blacks have contributed nothing to humanity."
"haha crazy! its like saying blacks cant be intelligent,educated and well informed"
"seriously, why can black people succeed in athletics like in the bcs championship, but not in math or science?"
"yeah, black people know how to use weapons the day they are born. i'm white!"
"what have blacks built?"
"women are attracted to confidence. most black men are too stupid to know why they have no reason to be confident."
"yes, and i think that their greater exposure to blacks is to account for much of this."
"i believe it is a combination of heredity, culture, and tradition. things which blacks clearly lack. see detroit"
"this book can help u get rid of black people by encouraging healthy black communities. read it and see >>>"
"tuskegee, the home of black pilots and scientists, is incapable of sustaining a wal-mart or a hotel #thetriggering"
"btw, governments? really? white euros built a city for liberiawithin a three year span, blacks couldn't even run garbage collection."
"then how will blacks become edumacated ?!"
"if blacks have to catch up genetically via editing does that mean they admit they are inferior and that segregationists were right?"
"im black and all white people have inferior everything to me"
"#zimmerman doesn't have blue eyes. he's hispanic & black. that vermin helped the young black children in his neighborhood"
"#ferguson and #detroit are a reflection on the innate capacity of blacks to further and advance civilization"
"thats called naxalt, retard. of course there exists a bell curve upon which there are blacks with high iqs but the average is far lower than whites and the vast majority sit at the average"
"wow, i have been looking for you for 8 years. you are right obama is a coward so why did blacks vote 95% twice for him. how many christians?"
"no, you have to call her and """"empty barrel""""! oops! i guess i'm a black white supremacist."
"in an effort to cement her racial equality bona fides she brought home the wrong token black guy."
"whatever they do, people still won't want to date black women or asian men."
"judge, smudge. silly-looking black robes. gods in their own diseased minds. probably pedophiles"
"don't forget """"little black sambo"""" who was actually indian, and """"uncle remus."
"black skin would get the white man tax breaks on owning a business, reduce his chances of getting fired from a job, get him into college cheaper and easier, give him victory over political correctness. dark chocolate spray tans for the white man."
"she's 16 not 6. she's old enough to know better then to consort with blacks. if she was dating this bla"
"yall are no better then a black kkk.. an you aint killin my """"pink"""" ass"
"like liberal just say it liberal for whites means nigger lover and for blacks mean nigger im done here!"
"you sick cuntgo jump on your black boyfriend slithering slut!"
"why would any white person want to be around a fat black guy? the smell alone, would be overbearing."
"well, you can escape all the terrible white oppressors and build your black paradise?"
"that's joey over there and mary, and jesus and saul and shaquille not that italian, white chick, mexican, jew and black guy"
"i'd adopt these white refugees kids anyday over a nearby ghetto black or illegal mexican child."
"and you are a black a$$hole who is so fkng ignorant you belong in chains. jus sayin'. blessings!"
"take your worthless black asses back to africa. fuck you."
"do you support gun control? let's disarm black people, gangbangers, and obvious lunatics and see if that makes a difference. #nra"
"60% unemployment in black communities. close the border and hire americans first! #boycottstarbucks #maga"
"don't waste precious white,black,latin lives on firefighting.throw pakistani,iranian,islamic,jewish apes into"
"why are we allowing migrants more rights than those who descended from slaves. lock up the syrians and let the blacks out!"
"- if going to war with these animals in unavoidable, it's time to hoist up the black flag."
"bikers and truckers, good news, open hunting season on the new black panthers."
"I hope this county becomes 90% black and @pnehlen's wife gets gang raped by a bunch of niggers."
"We have this huge military. Why don't we just go down there and create an ethno-state for whites. Most of the blacks weren't even there when South Africa was founded by whites!"
"I have a black man in my family tree Hes still hanging there"
"What's faster than a school full of black kids? A loaded gun."
"Why did so many blacks die in combat during Vietnam? Every time the Sergeant yelled, ""GET DOWN!"" they would get up and dance."
"I've just realized that Indians are an hybrid of white people and black people They are smart like a white man, work like a black man and they have brown skin like a mix of races"
"you may have a family that love you, real love, and that ever nagging resposibility that feels inescapable . still, once black, you never go back home to the kids"
"A gay guy, A black guy, and A Jew get hit by a bus They all appear in front of the gates of heaven. The Angel says. ""Welcome to Heaven!"" The three guys beg him for a second chance. The angel says,""I can only do it if you promised to give up what you love doing the most."" The three men immediately agreed to do that.  Suddenly, they're on the street and the bus is passing by. They cautiously cross the street, and continue walking, until they come across a car which has an open window and a purse. The gay guy says to the black guy, ""Don't do it man, you're stronger than that!"" But he reaches in anyway. Poof! Black guy disappears.  They continue walking until the Jew comes across a penny. He bends down with the gay guy behind him. Poof! Gay guy disappears."
"What's the difference between heroin and a black person? Police care about people shooting heroin"
"So blacks are the fastest runners and whites are the best swimmers, the polar ice caps are melting,   Evolution at work"
"How to know if you're good at sports Your not good if your not black"
"What do you call a black spider? No daddy long legs"
"What do bikes and black men have in common? The chain"
"Whats worse than a Jason Aldean concert? Being black"
"What did the black, blind, deaf and mute kid get for christmas? Aids."
"How do you pick up black girls? You burn their village, chain them up and raise the anchors."
"How do you stop black guys from hanging out in front of your house? Cut the rope."
"What do you say to a woman with two black eyes? Nothing, you already told her twice."
"A black guy finds a genie in a bottle Any three wishes he had would be granted, the genie informed him. ""I wanna be rich,"" said the black guy. The back yard filled up with chests of gold coins and jewels in the blink of an eye. ""I'm no fool,"" said the black guy. ""I wanna be white."" And there he stood, white, blonde-haired and blue-eyed. ""Last but not least, I never want to work another day in my life."" And he turned black again."
"What's the difference between a black person and a bicycle? The bicycle doesn't start singing when you put chains on it."
"What do babies and black people have in common? Theyre both good for target practice"
"Everyone is so politically correct these days... You can't even say ""black paint!"" You have to say ""tyrone can you paint that wall please?"""
"What place do black people like to be peaceful? In their coffin."
"What's the difference between a black person and a chicken? One's free range"
"Why do police officers never get incarcerated for shooting unarmed black men? Because animal cruelty is not punishable by jail time."
"What did God say when he made the first black person? Dammit, I burnt one."
"What's the difference between a black person and a bucket of shit? The bucket."
"Why are black men good at basketball? The whole point is to run, shoot and steal. Oh and their knee grows."
"More than one-third of Africa lacks clean water. I guess black people will even steal from their own kind."
"What do you feel when you see a black man running? The recoil"
"Society is like a box of chocolates There are more browns than whites and the blacks are usually never touched."
"How long does it take a black woman to take a dump? 9 months"
"I overheard someone saying a black man stole a motorcycle out of a garage. I ran home to see if mine was still there. Yupp still chained to the wall. Singing and all."
"What is the difference between the highway at rush hour and the line at KFC? Nothing, they are both black and dangerous to cut through"
"what did the black kid get his friend for his birthday? my bike."
"A black man and a jew jump off a building. Who lands first No one cares"
"How does a black guy Send mail? With food stamps"
"I have blue eyes. I got them from my dad. My mum has black eyes.  She also got them from my dad."
"What's the difference between a black man and a pizza? A pizza can feed a family of four"
"Black people are nothing like monkeys because at least monkeys are well behaved"
"Why does Beyonc always sing ""To the left, to the left"" Because black people have no rights."
"What's a 1000 meters long and has an IQ of 68? A black lives matter parade."
"I painted my computer black hoping itd run faster, but now it doesnt work."
"What do you call two chimps that fall in love? Black people."
"How do you know if a black girl is pregnant? The cotton is picked off the tampon"
"A black guy and Mexican were in a car, Who is driving? The Cop"
"What do you call a white guy surrounded by a thousand black guys? A warden"
"A black man walks into a bar with a parrot on his shoulder. Bar tender goes he man that's neat where did you get that?   The parrot says Africa there all over the fucking place!"
"What do White people get in return for letting Blacks have Black heritage month? Father's Day"
"How do you call a car thief that can't drive? A black woman."
"To all the black kids without fathers, don't be so upset. In a few years, you'll get to meet them when you go to prison."
"What do you call a black person on top of a church? Holy shit"
"What's the difference between black dad's and boomerangs Boomerangs are expensive"
"What do blacks and this thread have in common? Both are gonna get locked up"
"Blacks are a lot like apples After all, it's just natural for them to hang from trees"
"A white man and a black man play hide and seek at night. Who has the advantage? The white man, as the cops are on his side."
"Why are black people so fast? The slow ones are in the prison."
"People are like jelly beans... No one likes the black ones"
"Why do black people have white on their palms and the soles of their feet? Everybody has a little bit of good in them."
"What do you call a black guy with half a brain? Gifted"
"What does a black guy and a basketball have in common? They both get shot"
"Why don't blacks celebrate Thanksgiving? Because KFC is not open on holidays!"
"What have parents and pizzas in common? When they're black, there's no food."
"Whats the same about a black person and a school? They both get shot up by white people."
"a jew and a black are about to get shot, who dies first the jew had coins as body armor while the black dude had child support papers to protect himself"
"You know what they say Once you go black your a single mother"
"I have no doubt that Jesus was a black man. Just like in the case of black dads, everyone is waiting for his second coming."
"What is the only football team a black person can join? The stealers."
"Whats the difference between a black man and park bench? A park bench can support a family of 4"
"Why do black people like basketball? Because they can shoot, steal and drive."
"What happens when God lowers the graphics and increases the difficulty ? We all turn black."
"What did the black girl get after having an abortion? $500 from crime stoppers"
"What does black Fred Flintstone say? I yabba dabba dindu nuthin"
"What's the difference between a black person and a couch? The couch can support a family"
"Why is all medicine white? Blacks don't work"
"Wanna hear a joke? Black Lives Matter"
"Whats a word that begins with N ends in R and you should never call a black person? Neighbor"
"How do you always win an argument against a black person? Call him ""Dad"" and he'll run away."
"Why are black fathers and Shaq's free throw attempts the same? They're always missing."
"What do you do when you see a black guy on stage? You raise your hand to bid on him."
"What's the difference between a black man and property? I don't know."
"I reported a video on YouTube for animal abuse My report got rejected; it was footage of a black man being beaten"
"Why are your mom jokes not your dad jokes? Because the creator of the first ""your mom"" joke was black"
"The reason I date a black girl So I don't have to meet her dad"
"a black man with a parrot enters a bar the bartender asks where did you get it africa answers the parrot"
"What do apples and black people both have in common? They both hang from trees"
"What's the difference between heroine and a black person? I think twice about shooting heroin."
"Yall need to chill. Racism is a crime. And crime is for black people"
"How do you stop black kids from jumping on the bed? Put Velcro on the ceiling"
"How do you get a black man out of a tree? Cut the rope."
"What's the difference between a black slave and a black surfer? One hangs high and the other hangs loose."
"Why did Beyonce say ""to the left,to the left""? Because black people have no rights."
"Heard this from a 12 year old: 'Whats the difference between black people and apples?' I like apples"
"What do you say to a black guy in a three piece suit? Will the defendant please rise"
"how do you call a black man you call his cell number"
"Wanna hear my favorite oximoron? Black people."
"What do you call it when a black person hides from a cop at night? Good use of camouflage."
"What does a black woman receive when she has an abortion? A thank you letter from welfare."
"My boyfriend is half black. Sorry, Im such a pessimist. Hes half white."
"What's the one good thing about black people? They provide jobs for the prison guards"
"What do you call a black person with rights? Nonexistent"
"Why do black people turn left? Because they don't have rights."
"What's the only time you wink at a black person ? When you're aiming."
"Today, I bought a Rolex from a black guy for a bargain. I would even say it was almost a steal."
"What's black, white and rolls around on the beach? A black man and a seagull fighting over a chip."
"What's the difference between Batman and a black man? Batman can go out at might without robin."
"How black mothers keep their children from biting their nails? they make them wear shoes"
"What do you call 1 black person on the moon? A problem  What do you call 2 black people on the moon?  A problem  What do you call the entire population of black people on the moon?  Problem solved!"
"What do you call a black man that has eight arms? I don't know, but it picks cotton really fast!"
"I painted my computer black to make it run faster It shot me"
"Teeth are like people All want to be white, most are yellow and the black ones don't work"
"Why was six afraid on seven? Because seven is black"
"Black people are like mitochondria They're the powerhouse of the cell"
"I studied zoology It helped me better understand black people and their behavior"
"how do you prevent black people from stealing your stuff ? hide it at the bottom of the pool"
"black people are like tires they work better with chains"
"what do you call a black woman who 's had <number> abortions ? a crime fighter"
"why did a black man cross the road ? hey ! gimme back my wallet !"
"i painted my laptop black so it would run faster . <repeat> and now it wo n't work"
"what 's the difference between batman and a black man ? batman can go to the store without robin ."
"pink shutters a man walked into a whore house and asked the man running it to give him the biggest black woman that the whore house had . the man at the counter said alright that will be <number> and told him to go to room <number> the man went up to room <number> and the biggest black woman he had ever seen answered the door . the man walked in and asked the woman to take off all her clothes , lay on the bed and spread her legs . <repeat> she did as she was told , the man stood there and just looked at her for a minute , then he said ok i m finished you can put your clothes back on . <repeat> the woman got up and was confused as she asked , "" why did nt you do anyting ? "" the man replied . <repeat> well i am painting my house brown and i wanted to see what it looked like with pink shutters"
"darth vader  was the first black guy to freely admit to being the father ."
"what 's the difference between a black man and a lawn decoration ? a footstool and some rope ."
"what 's black and screams ? stevie wonder answering the iron ."
"how do you find a black person ? guilty"
"a black guy goes to a doctor 's office to get a vasectomy . he shows up in a limo wearing a tuxedo . when it 's his turn , the doctor looks at him and says , "" i 've seen a lot of things , but i 've never seen a guy coming in all dressed up like that ! "" and the black guy says , "" well , if i 'm gon na be im - po - tent , i 'm gon na look im - po - tent ! """
"what s the difference between a black person and a colorful explosion in the sky ? fire works"
"what happened to the girl who had a black heart ? cardiac arrest ."
"i ca nt wait for harriet tubman to be on the $ <number> bill i can finally use black people as currency again ."
"why are black people so good at excel ? they know a lot about cells"
"daddy , am i more black or muslim ? - why are you asking , son ? - there is a bank on the <number> h floor of a new building , and i do n't know whether to rob it or fly a plane into it ."
"why do black people like the pokemon anime ? because they can relate to the main character 's fatherlessness ."
"offensive joke . well , i hope anyway a little black jewish boy says to his daddy , "" dad am i more black or jewish ? "" "" why do you ask ? "" , says the dad . the boy says , "" well a guy at school has a bike for sale for $ <number> and i ca n't decide if i want to haggle him down to $ <number> or just steal it . """
"what would be another name for black lives matter ? rise of the planet of the apes ."
"why is jesus probably black ? because he can not tell who was his real father ."
"what do you call a smart black person ? nonexistent ."
"a man walks into a bar and asks for an obscure beverage : ' hey , do you serve blacks lager by any chance ? ' the waiter replies : ' no we do n't ' the man says : ' yeah neither would i they start throwing their shit at each other after a pint or two '"
"why are the black man 's eyes always red after sex ? the mace ."
"you can tell a lot about a man by the car he drives for example , if it 's a black man , it 's not his car ."
"what do you get when you cross a black man and an octopus ? i do n't know but it 's damn good at picking cotton ."
"what phrase do black men always love to hear ? "" you are not <allcaps> the father ! """
"how do you starve a black man . <repeat> put his food stamps under his work boots ."
"you loose your black friend in the dark , where do you lose your muslim friend ? in an explosion"
"what 's black and white and rolls down a hill ? a maori and a seagull fighting over a fish head ."
"what is the difference between a black person and a bench ? at least a bench can support a family"
"what is the usual woman 's response to a black guy 's pickup line ? rape ! <allcaps>"
"why do black people take so long to check out at the grocery store ? mixers in one transaction , booze in the other"
"That place was infested with black people."
"You're pretty for a black girl."
"There's African Americans and then there's black people. There's a difference. Like, Oprah is an African American, but some random black guy off the street doesn't deserve the title, you know?"
"Person 1:: That's not your real hair, you're fully black! Person 2:: It's fake, stop trying to convince us that black people can have long hair! Two people in my class talking about my mid-back length curly hair, two weeks ago. I'm a 17 year old Eritrean (East African) female in London. It made me feel disappointed, enraged, but mostly, shocked by their ignorance and outright lack of manners."
"Yeah, it's like when black people dye their hair blonde and wear neon colors. It just doesn't work!"
"There are scholarships available solely for black men, black women, only women, Hispanic men and women...but if there was a scholarship that only a white man could apply for, I bet it would cause an uproar. Just sayin'. Is this fair in today's day and age? What did my generation do to oppress any specific group of people? Isn't it time for equality across the board?"
"Classmate:: So, which one of your parents is black and which is white? Me:: My mom is white and my dad is black. Classmate:: (trying to by funny) So, your mom was a rape victim? I was 17 years old."
"But there's a difference between black people"" and ""niggers"". You shouldn't deny that until you've been to the South and have seen the difference."""
"That's why black men, like my boyfriend, date us white women. They like REAL hair, real nails, and none of that attitude. Black girls are way too ghetto and too much work."
"Well you know, you are going to have to deal with some uneducatable black kids."
"No you can't like him. It's the most disgusting thing to mix a Black and an Asian!"
"Wow, look at all these black kids. Hey, I bet they all have the same dad. All black people are totally related."
"Why can't all Black Women wear their hair like yours?"
"Black Student:: Yeah man us Black people don't do too well in water. White student:: Yeah, yall took advantage of that free boat ride huh? An exchange my friend who attends Lake Forest College overheard."
"I play as a black character sometimes and it never bothers me."
"One of my good friends from high school is black, but I don't really think of her as black because she told me she's white on the inside."
"Me:: I can't believe that someone could commit such a horrible crime. People can scare me sometimes. Guy:: You know, if black people don't want to be called criminals... Me:: I didn't say anything about what the man looked like. Guy:: [Silence]"
"Today we celebrate a Jewish funded black communist who frequented gay orgies and read speeches written by his Jewish handlers  This is the equivalent of people 50 years from now getting the day off to celebrate deray who is another Jewish funded black faggot"
"I think its funny , as a premed student there has n't been a black person within a hundred miles of any of my classes ever ."
"Agreed, The Blacks and Hispanics should have their own school only for them and have worse education than the children whites like that might not compete with our children whites ."
"I Can tell you right now if a black mob is threatening my life and burning my town I 'm going to start shooting ."
